{"Generation": 99, "train/gen_1": -1464.6168212890625, "train/gen_mean": -1683.3704833984375, "train/top_1": -1442.8505859375, "eval/top_1/return_mean": -1458.00634765625, "eval/top_1/return_std": 59.06874084472656, "eval/top_1/holding": 0.5453616976737976, "eval/top_1/mean_daily_reward": -14.960040092468262, "eval/top_1/service_level_%": 72.63268280029297, "eval/top_1/wastage_%": 0.7206477522850037, "eval/mean_params/return_mean": -1458.00634765625, "eval/mean_params/return_std": 59.06874084472656, "eval/mean_params/holding": 0.5453616976737976, "eval/mean_params/mean_daily_reward": -14.960040092468262, "eval/mean_params/service_level_%": 72.63268280029297, "eval/mean_params/wastage_%": 0.7206477522850037, "_timestamp": 1709413940.9200153, "_runtime": 149.32918238639832, "_step": 103, "rep/policy_plot/mean_params": {"_type": "image-file", "sha256": "090cae84f646da16ce894cc28ec2a4f242a8bc55d80c1d7526f2365250fc5d25", "size": 19207, "path": "media/images/rep/policy_plot/mean_params_100_090cae84f646da16ce89.png", "format": "png", "width": 500, "height": 500}, "issue/policy_plot/mean_params": {"_type": "image-file", "sha256": "8f51f69ff960e3e281c3b8d36b8782ab1647879692b3ce4136e7c7a43c5e695d", "size": 17813, "path": "media/images/issue/policy_plot/mean_params_101_8f51f69ff960e3e281c3.png", "format": "png", "width": 500, "height": 500}, "rep/policy_plot/top_1": {"_type": "image-file", "sha256": "090cae84f646da16ce894cc28ec2a4f242a8bc55d80c1d7526f2365250fc5d25", "size": 19207, "path": "media/images/rep/policy_plot/top_1_102_090cae84f646da16ce89.png", "format": "png", "width": 500, "height": 500}, "issue/policy_plot/top_1": {"_type": "image-file", "sha256": "8f51f69ff960e3e281c3b8d36b8782ab1647879692b3ce4136e7c7a43c5e695d", "size": 17813, "path": "media/images/issue/policy_plot/top_1_103_8f51f69ff960e3e281c3.png", "format": "png", "width": 500, "height": 500}, "_wandb": {"runtime": 150}}