{"Generation": 9, "gen_1": -1474.5604248046875, "gen_mean": -1818.69189453125, "top_1": -1448.8460693359375, "_timestamp": 1693142393.6322722, "_runtime": 124.51532030105591, "_step": 9, "_wandb": {"runtime": 124}}