{"eval/pretrained/return_mean": -9845410.0, "eval/pretrained/return_std": 96296.2578125, "eval/pretrained/exact_match_%": 85.78565979003906, "eval/pretrained/expired_units": 247.74700927734375, "eval/pretrained/mean_age_at_transfusion": 1.1217092275619507, "eval/pretrained/mean_daily_reward": -26973.724609375, "eval/pretrained/mean_fixed_order_cost": -225.00001525878906, "eval/pretrained/mean_holding": 12.144068717956543, "eval/pretrained/mean_holding_cost": -1578.7291259765625, "eval/pretrained/mean_shortage_cost": -782.9562377929688, "eval/pretrained/mean_substitution_cost": -638.8294067382812, "eval/pretrained/mean_total_demand": 35.4180793762207, "eval/pretrained/mean_total_order": 35.85695266723633, "eval/pretrained/mean_variable_order_cost": -23307.017578125, "eval/pretrained/mean_wastage_cost": -441.1933288574219, "eval/pretrained/service_level_%": 99.32039642333984, "eval/pretrained/unmet_demand_units": 87.9320068359375, "eval/pretrained/wastage_%": 1.8934236764907837, "_timestamp": 1714494548.6249464, "_runtime": 157.65623140335083, "_step": 101, "Generation": 99, "train/gen_1": -2419047.75, "train/gen_mean": -2444693.25, "train/top_1": -2407429.75, "eval/top_1/mean_total_order_mean": 35.64732360839844, "eval/top_1/mean_total_order_std": 0.2704736888408661, "eval/top_1/service_level_%_mean": 99.25472259521484, "eval/top_1/service_level_%_std": 0.155982106924057, "eval/top_1/wastage_%_mean": 1.3832995891571045, "eval/top_1/wastage_%_std": 0.14950181543827057, "eval/top_1/mean_holding_mean": 11.256379127502441, "eval/top_1/mean_holding_std": 0.24568164348602295, "eval/top_1/exact_match_%_mean": 82.56687927246094, "eval/top_1/exact_match_%_std": 0.3307885229587555, "eval/top_1/mean_age_at_transfusion_mean": 1.1029356718063354, "eval/top_1/mean_age_at_transfusion_std": 0.011602271348237991, "eval/top_1/unmet_demand_units_mean": 96.41400146484375, "eval/top_1/unmet_demand_units_std": 20.513425827026367, "eval/top_1/expired_units_mean": 179.93800354003906, "eval/top_1/expired_units_std": 19.05146026611328, "eval/top_1/mean_daily_reward_mean": -26847.1328125, "eval/top_1/mean_daily_reward_std": 270.38165283203125, "eval/top_1/mean_total_demand_mean": 35.4180793762207, "eval/top_1/mean_total_demand_std": 0.30759525299072266, "eval/top_1/mean_variable_order_cost_mean": -23170.759765625, "eval/top_1/mean_variable_order_cost_std": 175.80792236328125, "eval/top_1/mean_fixed_order_cost_mean": -225.00001525878906, "eval/top_1/mean_fixed_order_cost_std": 1.52587890625e-05, "eval/top_1/mean_shortage_cost_mean": -858.4808959960938, "eval/top_1/mean_shortage_cost_std": 182.65379333496094, "eval/top_1/mean_substitution_cost_mean": -809.124755859375, "eval/top_1/mean_substitution_cost_std": 29.103748321533203, "eval/top_1/mean_wastage_cost_mean": -320.4375915527344, "eval/top_1/mean_wastage_cost_std": 33.92726135253906, "eval/top_1/mean_holding_cost_mean": -1463.329345703125, "eval/top_1/mean_holding_cost_std": 31.938613891601562, "eval/top_1/return_mean": -9799202.0, "eval/top_1/return_std": 98689.3046875, "eval/mean_params/mean_total_order_mean": 35.85695266723633, "eval/mean_params/mean_total_order_std": 0.26221588253974915, "eval/mean_params/service_level_%_mean": 99.32039642333984, "eval/mean_params/service_level_%_std": 0.15115657448768616, "eval/mean_params/wastage_%_mean": 1.8934236764907837, "eval/mean_params/wastage_%_std": 0.1683780550956726, "eval/mean_params/mean_holding_mean": 12.144068717956543, "eval/mean_params/mean_holding_std": 0.26287978887557983, "eval/mean_params/exact_match_%_mean": 85.78565979003906, "eval/mean_params/exact_match_%_std": 0.32944899797439575, "eval/mean_params/mean_age_at_transfusion_mean": 1.1217092275619507, "eval/mean_params/mean_age_at_transfusion_std": 0.011928580701351166, "eval/mean_params/unmet_demand_units_mean": 87.9320068359375, "eval/mean_params/unmet_demand_units_std": 19.897069931030273, "eval/mean_params/expired_units_mean": 247.74700927734375, "eval/mean_params/expired_units_std": 21.40380859375, "eval/mean_params/mean_daily_reward_mean": -26973.724609375, "eval/mean_params/mean_daily_reward_std": 263.8253479003906, "eval/mean_params/mean_total_demand_mean": 35.4180793762207, "eval/mean_params/mean_total_demand_std": 0.30759525299072266, "eval/mean_params/mean_variable_order_cost_mean": -23307.017578125, "eval/mean_params/mean_variable_order_cost_std": 170.44032287597656, "eval/mean_params/mean_fixed_order_cost_mean": -225.00001525878906, "eval/mean_params/mean_fixed_order_cost_std": 1.52587890625e-05, "eval/mean_params/mean_shortage_cost_mean": -782.9562377929688, "eval/mean_params/mean_shortage_cost_std": 177.1656951904297, "eval/mean_params/mean_substitution_cost_mean": -638.8294067382812, "eval/mean_params/mean_substitution_cost_std": 28.462839126586914, "eval/mean_params/mean_wastage_cost_mean": -441.1933288574219, "eval/mean_params/mean_wastage_cost_std": 38.116371154785156, "eval/mean_params/mean_holding_cost_mean": -1578.7291259765625, "eval/mean_params/mean_holding_cost_std": 34.174373626708984, "eval/mean_params/return_mean": -9845410.0, "eval/mean_params/return_std": 96296.2578125, "eval/group_metrics": {"_type": "table-file", "sha256": "3ed92af3739f49132cbb09d6d68eac6ba415f3efb4bbc4a576e716042c92b823", "size": 2723, "artifact_path": "wandb-client-artifact://901qhp7e3t3eetrn3sjkfsmtg8ic88ix9nul65g2i4ozkf213ul5a9qfez9zqc35w406257u43lq22krcy6a8pthju0zf5aqh8n40ikd7gzgvn3z5qs2qcq6lqvuylug:latest/eval/group_metrics.table.json", "_latest_artifact_path": "wandb-client-artifact://901qhp7e3t3eetrn3sjkfsmtg8ic88ix9nul65g2i4ozkf213ul5a9qfez9zqc35w406257u43lq22krcy6a8pthju0zf5aqh8n40ikd7gzgvn3z5qs2qcq6lqvuylug:latest/eval/group_metrics.table.json", "path": "media/table/eval/group_metrics_101_3ed92af3739f49132cbb.table.json", "ncols": 9, "nrows": 14}, "_wandb": {"runtime": 157}}