{"Generation": 9, "gen_1": -1618.4656982421875, "gen_mean": -1964.4244384765625, "top_1": -1559.19873046875, "_timestamp": 1693138783.0142798, "_runtime": 130.69024181365967, "_step": 9, "_wandb": {"runtime": 130}}