{"rep/total_loss": 3321.491943359375, "rep/value_loss": 19492.302734375, "rep/loss_actor": -5.852162757946644e-06, "rep/entropy": 1.999366044998169, "issue/total_loss": 34.79407501220703, "issue/value_loss": 39.6159782409668, "issue/loss_actor": -5.646325007546693e-06, "issue/entropy": 0.08055602014064789, "rep/steps": 1000000, "issue/steps": 4000000, "total_steps": 5000000, "_timestamp": 1710366895.3229525, "_runtime": 69.32882952690125, "_step": 253, "rep/mean_completed_return": {"_type": "plotly-file", "sha256": "606188de8eaa4d4a1fb716ed6acfc7b2da22d7764246b1093206689692f846e2", "size": 143400, "path": "media/plotly/rep/mean_completed_return_250_606188de8eaa4d4a1fb7.plotly.json"}, "eval/return_mean": -1428.0440673828125, "eval/return_std": 54.05292510986328, "eval/holding": 1.0688000917434692, "eval/mean_daily_reward": -14.65268325805664, "eval/service_level_%": 80.37562561035156, "eval/wastage_%": 0.0004307300550863147, "_wandb": {"runtime": 68}}