{"Generation": 99, "train/gen_1_return": -1479.2664794921875, "train/gen_mean_return": -1487.6614990234375, "train/top_1_return": -1465.915771484375, "eval/top_1/mean_daily_reward_mean": -15.072770118713379, "eval/top_1/mean_daily_reward_std": 0.43074876070022583, "eval/top_1/service_level_%_mean": 73.0653305053711, "eval/top_1/service_level_%_std": 1.6659040451049805, "eval/top_1/wastage_%_mean": 1.0173225402832031, "eval/top_1/wastage_%_std": 0.4348636269569397, "eval/top_1/mean_holding_mean": 0.613528847694397, "eval/top_1/mean_holding_std": 0.07612279802560806, "eval/top_1/return_mean": -1468.9940185546875, "eval/top_1/return_std": 59.665489196777344, "eval/mean_params/mean_daily_reward_mean": -15.349828720092773, "eval/mean_params/mean_daily_reward_std": 0.4542751610279083, "eval/mean_params/service_level_%_mean": 69.41825866699219, "eval/mean_params/service_level_%_std": 1.5318505764007568, "eval/mean_params/wastage_%_mean": 1.148242473602295, "eval/mean_params/wastage_%_std": 0.43319937586784363, "eval/mean_params/mean_holding_mean": 0.5771343111991882, "eval/mean_params/mean_holding_std": 0.05715007334947586, "eval/mean_params/return_mean": -1495.82763671875, "eval/mean_params/return_std": 61.83183670043945, "_timestamp": 1709252196.6173232, "_runtime": 39.67503619194031, "_step": 99, "_wandb": {"runtime": 39}}