{"Generation": 99, "train/gen_1_return": -1458.8682861328125, "train/gen_mean_return": -1501.582763671875, "train/top_1_return": -1447.6077880859375, "eval/top_1/mean_daily_reward_mean": -15.048279762268066, "eval/top_1/mean_daily_reward_std": 0.4434332847595215, "eval/top_1/service_level_%_mean": 71.91716003417969, "eval/top_1/service_level_%_std": 1.6436257362365723, "eval/top_1/wastage_%_mean": 0.8364167809486389, "eval/top_1/wastage_%_std": 0.38659408688545227, "eval/top_1/mean_holding_mean": 0.5550082921981812, "eval/top_1/mean_holding_std": 0.06796298921108246, "eval/top_1/return_mean": -1466.2353515625, "eval/top_1/return_std": 61.24502944946289, "eval/mean_params/mean_daily_reward_mean": -15.048279762268066, "eval/mean_params/mean_daily_reward_std": 0.4434332847595215, "eval/mean_params/service_level_%_mean": 71.91716003417969, "eval/mean_params/service_level_%_std": 1.6436257362365723, "eval/mean_params/wastage_%_mean": 0.8364167809486389, "eval/mean_params/wastage_%_std": 0.38659408688545227, "eval/mean_params/mean_holding_mean": 0.5550082921981812, "eval/mean_params/mean_holding_std": 0.06796298921108246, "eval/mean_params/return_mean": -1466.2353515625, "eval/mean_params/return_std": 61.24502944946289, "_timestamp": 1709246437.5045767, "_runtime": 37.0448157787323, "_step": 99, "_wandb": {"runtime": 37}}