{"Generation": 9, "gen_1": -1633.2315673828125, "gen_mean": -1831.8404541015625, "top_1": -1558.7706298828125, "_timestamp": 1693139889.0574722, "_runtime": 121.42246913909912, "_step": 9, "_wandb": {"runtime": 120}}