{"Generation": 4, "gen_1": -1528.7696533203125, "gen_mean": -1974.14599609375, "top_1": -1473.8133544921875, "_timestamp": 1693143071.4072077, "_runtime": 65.38230872154236, "_step": 4, "_wandb": {"runtime": 64}}