{"Generation": 9, "gen_1": -1618.4656982421875, "gen_mean": -1964.4244384765625, "top_1": -1559.19873046875, "_timestamp": 1693135748.5715256, "_runtime": 135.68098068237305, "_step": 9, "_wandb": {"runtime": 135}}